SKU,Vendor,Warehouse,Open_PO_Qty,Expected_Date,PO_Number,Status,Currency,Unit_Cost_INR,PO_Value_INR,Marketplace,Brand,Product_Name,Category,Size,Colour,Style_ID,Marketplace_Seller,Myntra_Product_URL,Price_Captured_On,Catalogue_Data_Provenance,Commercial_Data_Provenance
MYN-3314131-M,GARG ACRYLICS LTD.,BLR_FC,820,2026-08-07,MYN-PO-2026-1001,in_transit,INR,124,101680,Myntra,Roadster,Roadster Men Black Solid Round Neck T-shirt,Men Western Wear,M,Black,3314131,GARG ACRYLICS LTD.,https://www.myntra.com/tshirts/roadster/roadster-men-black-solid-round-neck-t-shirt/3314131/buy,2026-08-01,Public Myntra product listing snapshot,Synthetic demo planning assumption
MYN-3314131-M,GARG ACRYLICS LTD.,BLR_FC,660,2026-08-26,MYN-PO-2026-1002,confirmed,INR,124,81840,Myntra,Roadster,Roadster Men Black Solid Round Neck T-shirt,Men Western Wear,M,Black,3314131,GARG ACRYLICS LTD.,https://www.myntra.com/tshirts/roadster/roadster-men-black-solid-round-neck-t-shirt/3314131/buy,2026-08-01,Public Myntra product listing snapshot,Synthetic demo planning assumption
MYN-3314131-M,GARG ACRYLICS LTD.,DEL_FC,660,2026-08-13,MYN-PO-2026-1003,supplier_acknowledged,INR,124,81840,Myntra,Roadster,Roadster Men Black Solid Round Neck T-shirt,Men Western Wear,M,Black,3314131,GARG ACRYLICS LTD.,https://www.myntra.com/tshirts/roadster/roadster-men-black-solid-round-neck-t-shirt/3314131/buy,2026-08-01,Public Myntra product listing snapshot,Synthetic demo planning assumption
MYN-7139482-32,AR FASHION STUDIO,MUM_FC,380,2026-08-10,MYN-PO-2026-1004,in_transit,INR,379,144020,Myntra,Roadster,Roadster Men Black Slim Fit Mid-Rise Clean Look Stretchable Jeans,Men Western Wear,32,Black,7139482,AR FASHION STUDIO,https://www.myntra.com/jeans/roadster/roadster-men-black-slim-fit-mid-rise-clean-look-stretchable-jeans/7139482/buy,2026-08-01,Public Myntra product listing snapshot,Synthetic demo planning assumption
MYN-20721342-M,M/S IBA CRAFTS PRIVATE LIMITED,MUM_FC,320,2026-08-09,MYN-PO-2026-1005,in_transit,INR,580,185600,Myntra,DressBerry,DressBerry Pink Floral Midi Dress,Women Western Wear,M,Pink,20721342,M/S IBA CRAFTS PRIVATE LIMITED,https://www.myntra.com/dresses/dressberry/dressberry-pink-floral-midi-dress/20721342/buy,2026-08-01,Public Myntra product listing snapshot,Synthetic demo planning assumption
MYN-32016912-S,Vision Star,KOL_FC,600,2026-08-12,MYN-PO-2026-1006,supplier_acknowledged,INR,149,89400,Myntra,DressBerry,DressBerry Square Neck Top,Women Western Wear,S,As listed,32016912,Vision Star,https://www.myntra.com/tops/dressberry/dressberry-square-neck-top/32016912/buy,2026-08-01,Public Myntra product listing snapshot,Synthetic demo planning assumption
MYN-39808527-L,WHITE IMPACT,BLR_FC,560,2026-08-06,MYN-PO-2026-1007,in_transit,INR,319,178640,Myntra,DressBerry,DressBerry Top,Women Western Wear,L,As listed,39808527,WHITE IMPACT,https://www.myntra.com/tops/dressberry/dressberry-top/39808527/buy,2026-08-01,Public Myntra product listing snapshot,Synthetic demo planning assumption
MYN-38471815-M,Astitva Creations Private Limited,DEL_FC,550,2026-08-18,MYN-PO-2026-1008,confirmed,INR,294,161700,Myntra,Anouk,Anouk Women Kurta,Women Ethnic Wear,M,As listed,38471815,Astitva Creations Private Limited,https://www.myntra.com/kurtas/anouk/anouk-women-kurta/38471815/buy,2026-08-01,Public Myntra product listing snapshot,Synthetic demo planning assumption
MYN-34530975-L,Astitva Creations Private Limited,MUM_FC,370,2026-08-21,MYN-PO-2026-1009,confirmed,INR,291,107670,Myntra,Anouk,Anouk Women Ethnic Motifs Embroidered A-Line Kurta,Women Ethnic Wear,L,As listed,34530975,Astitva Creations Private Limited,https://www.myntra.com/kurtas/anouk/anouk-women-ethnic-motifs-embroidered-a-line-kurta/34530975/buy,2026-08-01,Public Myntra product listing snapshot,Synthetic demo planning assumption
MYN-13346136-M,SANGAM (INDIA) LIMITED,BLR_FC,348,2026-08-09,MYN-PO-2026-1010,in_transit,INR,258,89784,Myntra,HRX by Hrithik Roshan,HRX Women Skinny Fit Seamless Rapid-Dry Antimicrobial Yoga Tights,Sports Wear,M,As listed,13346136,SANGAM (INDIA) LIMITED,https://www.myntra.com/tights/hrxbyhrithikroshan/hrx-by-hrithik-roshan-women-skinny-fit-seamless-rapid-dry-antimicrobial-yoga-tights/13346136/buy,2026-08-01,Public Myntra product listing snapshot,Synthetic demo planning assumption
MYN-25587450-L,GURKIRPA LIFESTYLE COMPANY,DEL_FC,216,2026-07-27,MYN-PO-2026-1011,issued,INR,257,55512,Myntra,HRX by Hrithik Roshan,HRX Women Mid Rise Tights,Sports Wear,L,As listed,25587450,GURKIRPA LIFESTYLE COMPANY,https://www.myntra.com/tights/hrxbyhrithikroshan/hrx-by-hrithik-roshan-women-mid-rise-tights/25587450/buy,2026-08-01,Public Myntra product listing snapshot,Synthetic demo planning assumption
MYN-40200375-UK8,Treespoon Private Limited,MUM_FC,108,2026-07-28,MYN-PO-2026-1012,issued,INR,675,72900,Myntra,HRX by Hrithik Roshan,HRX Men Running Shoes,Footwear,UK 8,As listed,40200375,Treespoon Private Limited,https://www.myntra.com/sports-shoes/hrxbyhrithikroshan/hrx-by-hrithik-roshan-men-running-shoes/40200375/buy,2026-08-01,Public Myntra product listing snapshot,Synthetic demo planning assumption
MYN-40200375-UK8,Treespoon Private Limited,MUM_FC,336,2026-08-28,MYN-PO-2026-1013,confirmed,INR,675,226800,Myntra,HRX by Hrithik Roshan,HRX Men Running Shoes,Footwear,UK 8,As listed,40200375,Treespoon Private Limited,https://www.myntra.com/sports-shoes/hrxbyhrithikroshan/hrx-by-hrithik-roshan-men-running-shoes/40200375/buy,2026-08-01,Public Myntra product listing snapshot,Synthetic demo planning assumption
MYN-36220389-UK9,Supercom Net,BLR_FC,396,2026-08-16,MYN-PO-2026-1014,supplier_acknowledged,INR,564,223344,Myntra,HRX by Hrithik Roshan,HRX Men Running Shoes,Footwear,UK 9,As listed,36220389,Supercom Net,https://www.myntra.com/sports-shoes/hrxbyhrithikroshan/hrx-by-hrithik-roshan-men-running-shoes/36220389/buy,2026-08-01,Public Myntra product listing snapshot,Synthetic demo planning assumption
MYN-18774016-OS,KP Leather Associates,MUM_FC,130,2026-08-11,MYN-PO-2026-1015,in_transit,INR,337,43810,Myntra,Roadster,Roadster X fwd Unisex Black Backpacks 30 L,Accessories,One Size,Black,18774016,KP Leather Associates,https://www.myntra.com/backpacks/roadster/-roadster-unisex-black-backpacks/18774016/buy,2026-08-01,Public Myntra product listing snapshot,Synthetic demo planning assumption
MYN-33559982-OS,PARUL HANDICRAFTS (P)LTD,DEL_FC,410,2026-08-13,MYN-PO-2026-1016,supplier_acknowledged,INR,434,177940,Myntra,DressBerry,DressBerry Women Black Embellished Floral Satin Handbag,Accessories,One Size,Black,33559982,PARUL HANDICRAFTS (P)LTD,https://www.myntra.com/handbags/dressberry/dressberry-women-black-embellished-floral-satin-handbag-/33559982/buy,2026-08-01,Public Myntra product listing snapshot,Synthetic demo planning assumption
MYN-24541476-7-8Y,CROSSROADS CLOTHING PVT LTD,DEL_FC,640,2026-08-08,MYN-PO-2026-1017,in_transit,INR,228,145920,Myntra,YK,YK Boys Typography Printed Pure Cotton Oversized Fit Casual T-shirt,Kids Wear,7-8Y,As listed,24541476,CROSSROADS CLOTHING PVT LTD,https://www.myntra.com/tshirts/yk/yk-boys-typography-printed-pure-cotton-oversized-fit-casual-t-shirt/24541476/buy,2026-08-01,Public Myntra product listing snapshot,Synthetic demo planning assumption
MYN-27916434-OS,Supercom Net,DEL_FC,600,2026-08-10,MYN-PO-2026-1018,in_transit,INR,199,119400,Myntra,ETUDE,ETUDE Dear Darling Water Tint 9g – Red Grapefruit Ade 4,Beauty & Personal Care,One Size,Red Grapefruit,27916434,Supercom Net,https://www.myntra.com/lipstick/etude/etude-dear-darling-water-tint-9g---red-grapefruit-ade-4/27916434/buy,2026-08-01,Public Myntra product listing snapshot,Synthetic demo planning assumption
MYN-19917876-KING,Supercom Net,KOL_FC,108,2026-08-15,MYN-PO-2026-1019,confirmed,INR,187,20196,Myntra,KLOTTHE,KLOTTHE Ruby Blue Conversational Cotton 300 TC King Fine Bedsheet with 2 Pillow Covers – 250 × 220 cm,Home & Living,King,Ruby Blue,19917876,Supercom Net,https://www.myntra.com/bedsheets/klotthe/klotthe-ruby-blue-conversational-cotton-300-tc-king-fine-bedsheet-with-2-pillow-covers-250-x-220-cm/19917876/buy,2026-08-01,Public Myntra product listing snapshot,Synthetic demo planning assumption
MYN-38831890-KING,INDRA FAB PRIVATE LIMITED,BLR_FC,140,2026-07-26,MYN-PO-2026-1020,issued,INR,772,108080,Myntra,Sangria,Sangria Blue 300 TC King Double Bedsheet With 2 Pillow Covers – 2.74 m × 2.74 m,Home & Living,King,Blue,38831890,INDRA FAB PRIVATE LIMITED,https://www.myntra.com/bedsheets/sangria/sangria-blue-300-tc-king-double-bedsheet-with-2-pillow-covers-274-m-x-274-m/38831890/buy,2026-08-01,Public Myntra product listing snapshot,Synthetic demo planning assumption
